First Name;Last Name;Phone Number(s);e-mail;CorpKey
Edward;Richardson;[REDACTED] [REDACTED] [REDACTED] [REDACTED];[REDACTED];OE[REDACTED]VJ
Amber;Wilkins;[REDACTED] [REDACTED] [REDACTED] [REDACTED];[REDACTED];RE[REDACTED]PX
Aaron;Lopez;[REDACTED] [REDACTED] [REDACTED] [REDACTED];[REDACTED];BA[REDACTED]DB
Ashlee;Smith;[REDACTED] [REDACTED] [REDACTED] [REDACTED];[REDACTED];IU[REDACTED]AK
Glenn;Rose;[REDACTED] [REDACTED] [REDACTED] [REDACTED];[REDACTED];VV[REDACTED]RZ
Trevor;Montgomery;[REDACTED] [REDACTED] [REDACTED] [REDACTED];[REDACTED];CH[REDACTED]GB
Bryan;Smith;[REDACTED] [REDACTED] [REDACTED] [REDACTED];[REDACTED];KY09LU
Larry;Clay;[REDACTED] [REDACTED] [REDACTED] [REDACTED];[REDACTED];AQ[REDACTED]HJ
Yolanda;Allen;[REDACTED] [REDACTED] [REDACTED] [REDACTED];[REDACTED];QW[REDACTED]BO
Mary;Sims;[REDACTED] [REDACTED] [REDACTED] [REDACTED];[REDACTED];NV[REDACTED]ZI
Neil;Cole;[REDACTED] [REDACTED] [REDACTED] [REDACTED];[REDACTED];LB[REDACTED]JT
Walter;Thomas;[REDACTED] [REDACTED] [REDACTED] [REDACTED];[REDACTED];KW[REDACTED]MQ
Edward;Jones;[REDACTED] [REDACTED] [REDACTED] [REDACTED];[REDACTED];US[REDACTED]BH
Sierra;Bowen;[REDACTED] [REDACTED] [REDACTED] [REDACTED];[REDACTED];UW[REDACTED]HF
Luke;Lewis;[REDACTED] [REDACTED] [REDACTED] [REDACTED];[REDACTED];DA03WE
Erin;Johnson;[REDACTED] [REDACTED] [REDACTED] [REDACTED];[REDACTED];UC04RG
Cory;Griffin;[REDACTED] [REDACTED] [REDACTED] [REDACTED];[REDACTED];AY[REDACTED]HX
Amy;King;[REDACTED] [REDACTED] [REDACTED] [REDACTED];[REDACTED];VE[REDACTED]GR
Miguel;Fitzgerald;[REDACTED] [REDACTED] [REDACTED] [REDACTED];[REDACTED];JW[REDACTED]DX
Kristy;Peterson;[REDACTED] [REDACTED] [REDACTED] [REDACTED];[REDACTED];OX[REDACTED]WK
Shaun;Stanley;[REDACTED] [REDACTED] [REDACTED] [REDACTED];[REDACTED];SK[REDACTED]SF
Amanda;Watkins;[REDACTED] [REDACTED] [REDACTED] [REDACTED];[REDACTED];NF[REDACTED]RC
Matthew;Pearson;[REDACTED] [REDACTED] [REDACTED] [REDACTED];[REDACTED];OJ[REDACTED]DW
George;Cox;[REDACTED] [REDACTED] [REDACTED] [REDACTED];[REDACTED];LS[REDACTED]GK
Victor;Kirk;[REDACTED] [REDACTED] [REDACTED] [REDACTED];[REDACTED];BR07MA
Adam;Gross;[REDACTED] [REDACTED] [REDACTED] [REDACTED];[REDACTED];XE[REDACTED]XY
Charles;Jones;[REDACTED] [REDACTED] [REDACTED] [REDACTED];[REDACTED];GD[REDACTED]LT
John;Graham;[REDACTED] [REDACTED] [REDACTED] [REDACTED];[REDACTED];DI[REDACTED]EX
Renee;Morris;[REDACTED] [REDACTED] [REDACTED] [REDACTED];[REDACTED];SU[REDACTED]PV
Thomas;Stein;[REDACTED] [REDACTED] [REDACTED] [REDACTED];[REDACTED];EO[REDACTED]RL
Kathryn;Johnson;[REDACTED] [REDACTED] [REDACTED] [REDACTED];[REDACTED];ZQ[REDACTED]HD
Brian;Schneider;[REDACTED] [REDACTED] [REDACTED] [REDACTED];[REDACTED];GZ[REDACTED]ZJ
Stuart;Blanchard;[REDACTED] [REDACTED] [REDACTED] [REDACTED];[REDACTED];ME[REDACTED]VS
Elizabeth;Sullivan;[REDACTED] [REDACTED] [REDACTED] [REDACTED];[REDACTED];BX[REDACTED]DQ
Joshua;Ortiz;[REDACTED] [REDACTED] [REDACTED] [REDACTED];[REDACTED];WZ[REDACTED]PK
Jason;Davis;[REDACTED] [REDACTED] [REDACTED] [REDACTED];[REDACTED];LB[REDACTED]BD
Linda;Payne;[REDACTED] [REDACTED] [REDACTED] [REDACTED];[REDACTED];YM[REDACTED]QA
Roger;Weaver;[REDACTED] [REDACTED] [REDACTED] [REDACTED];[REDACTED];IX[REDACTED]IG
Michael;Perkins;[REDACTED] [REDACTED] [REDACTED] [REDACTED];[REDACTED];ZT[REDACTED]XS
Bruce;Duncan;[REDACTED] [REDACTED] [REDACTED] [REDACTED];[REDACTED];LX[REDACTED]PK
Tara;Doyle;[REDACTED] [REDACTED] [REDACTED] [REDACTED];[REDACTED];OA[REDACTED]OD
Micheal;Daugherty;[REDACTED] [REDACTED] [REDACTED] [REDACTED];[REDACTED];FD[REDACTED]SE
Steven;Gregory;[REDACTED] [REDACTED] [REDACTED] [REDACTED];[REDACTED];DZ00GU
Wendy;Mcneil;[REDACTED] [REDACTED] [REDACTED] [REDACTED];[REDACTED];MK[REDACTED]ZE
Julie;Robinson;[REDACTED] [REDACTED] [REDACTED] [REDACTED];[REDACTED];VS[REDACTED]FX
David;Ross;[REDACTED] [REDACTED] [REDACTED] [REDACTED];[REDACTED];YE[REDACTED]OD
Emily;Jenkins;[REDACTED] [REDACTED] [REDACTED] [REDACTED];[REDACTED];GT[REDACTED]CN
Jean;Mcclure;[REDACTED] [REDACTED] [REDACTED] [REDACTED];[REDACTED];BJ05GE
Sean;Taylor;[REDACTED] [REDACTED] [REDACTED] [REDACTED];[REDACTED];YN[REDACTED]CP
Kevin;Mcfarland;[REDACTED] [REDACTED] [REDACTED] [REDACTED];[REDACTED];XB[REDACTED]DI
Brooke;Beard;[REDACTED] [REDACTED] [REDACTED] [REDACTED];[REDACTED];IJ[REDACTED]BG
Jonathan;Perkins;[REDACTED] [REDACTED] [REDACTED] [REDACTED];[REDACTED];JP[REDACTED]MR
Kari;Richardson;[REDACTED] [REDACTED] [REDACTED] [REDACTED];[REDACTED];FR[REDACTED]LT
Melissa;Navarro;[REDACTED] [REDACTED] [REDACTED] [REDACTED];[REDACTED];MM[REDACTED]NE
Erika;Mayer;[REDACTED] [REDACTED] [REDACTED] [REDACTED];[REDACTED];VX[REDACTED]BU
Laura;Johnston;[REDACTED] [REDACTED] [REDACTED] [REDACTED];[REDACTED];TR[REDACTED]PU
Susan;Myers;[REDACTED] [REDACTED] [REDACTED] [REDACTED];[REDACTED];TQ[REDACTED]DK
Charles;Richard;[REDACTED] [REDACTED] [REDACTED] [REDACTED];[REDACTED];YY[REDACTED]TP
Tiffany;Meyer;[REDACTED] [REDACTED] [REDACTED] [REDACTED];[REDACTED];MR[REDACTED]JA
Herbert;Mayer;[REDACTED] [REDACTED] [REDACTED] [REDACTED];[REDACTED];WE[REDACTED]AS
Alicia;Miller;[REDACTED] [REDACTED] [REDACTED] [REDACTED];[REDACTED];CA[REDACTED]SV
Frank;Soto;[REDACTED] [REDACTED] [REDACTED] [REDACTED];[REDACTED];ZN[REDACTED]SM
Jeffrey;Walker;[REDACTED] [REDACTED] [REDACTED] [REDACTED];[REDACTED];YP[REDACTED]IY
Matthew;Martin;[REDACTED] [REDACTED] [REDACTED] [REDACTED];[REDACTED];GN[REDACTED]VV
Jeanette;Joseph;[REDACTED] [REDACTED] [REDACTED] [REDACTED];[REDACTED];XQ[REDACTED]CG
Daniel;Taylor;[REDACTED] [REDACTED] [REDACTED] [REDACTED];[REDACTED];PC[REDACTED]HC
Joseph;Roberts;[REDACTED] [REDACTED] [REDACTED] [REDACTED];[REDACTED];NW[REDACTED]UT
Luis;Montoya;[REDACTED] [REDACTED] [REDACTED] [REDACTED];[REDACTED];OF[REDACTED]VF
Lisa;Bauer;[REDACTED] [REDACTED] [REDACTED] [REDACTED];[REDACTED];LD[REDACTED]XK
Ronnie;Patterson;[REDACTED] [REDACTED] [REDACTED] [REDACTED];[REDACTED];BB[REDACTED]AE
Nicholas;Wolf;[REDACTED] [REDACTED] [REDACTED] [REDACTED];[REDACTED];LW[REDACTED]YO
Cheryl;Nunez;[REDACTED] [REDACTED] [REDACTED] [REDACTED];[REDACTED];AF[REDACTED]AU
Curtis;Parker;[REDACTED] [REDACTED] [REDACTED] [REDACTED];[REDACTED];YB[REDACTED]BI
Karen;Gutierrez;[REDACTED] [REDACTED] [REDACTED] [REDACTED];[REDACTED];QE[REDACTED]MC
Donald;Adams;[REDACTED] [REDACTED] [REDACTED] [REDACTED];[REDACTED];FR[REDACTED]JL
James;Stuart;[REDACTED] [REDACTED] [REDACTED] [REDACTED];[REDACTED];BJ00BL
Victoria;Brown;[REDACTED] [REDACTED] [REDACTED] [REDACTED];[REDACTED];XW[REDACTED]NJ
Peter;Solomon;[REDACTED] [REDACTED] [REDACTED] [REDACTED];[REDACTED];FA[REDACTED]LC
Denise;Evans;[REDACTED] [REDACTED] [REDACTED] [REDACTED];[REDACTED];SO[REDACTED]CH
Kathryn;Vazquez;[REDACTED] [REDACTED] [REDACTED] [REDACTED];[REDACTED];HW[REDACTED]ET
Samuel;Robles;[REDACTED] [REDACTED] [REDACTED] [REDACTED];[REDACTED];VM[REDACTED]IX
Justin;Andersen;[REDACTED] [REDACTED] [REDACTED] [REDACTED];[REDACTED];OG[REDACTED]GP
Joel;Reed;[REDACTED] [REDACTED] [REDACTED] [REDACTED];[REDACTED];AT[REDACTED]GV
Heather;Johnson;[REDACTED] [REDACTED] [REDACTED] [REDACTED];[REDACTED];NS[REDACTED]DB
Victoria;Riggs;[REDACTED] [REDACTED] [REDACTED] [REDACTED];[REDACTED];PS[REDACTED]QF
Suzanne;Boyd;[REDACTED] [REDACTED] [REDACTED] [REDACTED];[REDACTED];NY06JR
Jimmy;Phillips;[REDACTED] [REDACTED] [REDACTED] [REDACTED];[REDACTED];RM[REDACTED]WQ
Alex;Williams;[REDACTED] [REDACTED] [REDACTED] [REDACTED];[REDACTED];DC[REDACTED]WW
Spencer;Nichols;[REDACTED] [REDACTED] [REDACTED] [REDACTED];[REDACTED];IW[REDACTED]DX
Brian;Rosales;[REDACTED] [REDACTED] [REDACTED] [REDACTED];[REDACTED];MO[REDACTED]ON
Joseph;Johnson;[REDACTED] [REDACTED] [REDACTED] [REDACTED];[REDACTED];EV[REDACTED]MT
John;Caldwell;[REDACTED] [REDACTED] [REDACTED] [REDACTED];[REDACTED];MC[REDACTED]PR
Nicholas;Carpenter;[REDACTED] [REDACTED] [REDACTED] [REDACTED];[REDACTED];ZZ[REDACTED]QD
Nicole;Scott;[REDACTED] [REDACTED] [REDACTED] [REDACTED];[REDACTED];ZW[REDACTED]KI
Gabrielle;Graham;[REDACTED] [REDACTED] [REDACTED] [REDACTED];[REDACTED];ND[REDACTED]TT
Sonia;Tyler;[REDACTED] [REDACTED] [REDACTED] [REDACTED];[REDACTED];ZS[REDACTED]WD
Valerie;Sanchez;[REDACTED] [REDACTED] [REDACTED] [REDACTED];[REDACTED];KL[REDACTED]UU
Erika;Lloyd;[REDACTED] [REDACTED] [REDACTED] [REDACTED];[REDACTED];FV[REDACTED]NT
Matthew;Richardson;[REDACTED] [REDACTED] [REDACTED] [REDACTED];[REDACTED];HV[REDACTED]UB
Tyler;Fernandez;[REDACTED] [REDACTED] [REDACTED] [REDACTED];[REDACTED];RZ[REDACTED]IY